Year,Country,Division,Species,Species_ASFIS,Catch
1968,Canada Newfoundland,1E,Atlantic Cod,COD,8
1961,Canada Newfoundland,2G,Atlantic Cod,COD,2
1962,Canada Newfoundland,2G,Atlantic Cod,COD,2
1963,Canada Newfoundland,2G,Atlantic Cod,COD,2
1964,Canada Newfoundland,2G,Atlantic Cod,COD,2
1965,Canada Newfoundland,2G,Atlantic Cod,COD,2
1967,Canada Newfoundland,2G,Atlantic Cod,COD,2
1981,Canada Newfoundland,2G,Atlantic Cod,COD,6
1982,Canada Newfoundland,2G,Atlantic Cod,COD,3
1984,Canada Newfoundland,2G,Atlantic Cod,COD,41
1985,Canada Newfoundland,2G,Atlantic Cod,COD,2
1990,Canada Newfoundland,2G,Atlantic Cod,COD,3
1960,Canada Newfoundland,2H,Atlantic Cod,COD,1273
1961,Canada Newfoundland,2H,Atlantic Cod,COD,1048
1962,Canada Newfoundland,2H,Atlantic Cod,COD,1197
1963,Canada Newfoundland,2H,Atlantic Cod,COD,928
1964,Canada Newfoundland,2H,Atlantic Cod,COD,827
1965,Canada Newfoundland,2H,Atlantic Cod,COD,1215
1966,Canada Newfoundland,2H,Atlantic Cod,COD,1311
1967,Canada Newfoundland,2H,Atlantic Cod,COD,2
1968,Canada Newfoundland,2H,Atlantic Cod,COD,523
1969,Canada Newfoundland,2H,Atlantic Cod,COD,320
1970,Canada Newfoundland,2H,Atlantic Cod,COD,75
1971,Canada Newfoundland,2H,Atlantic Cod,COD,7
1972,Canada Newfoundland,2H,Atlantic Cod,COD,4
1973,Canada Newfoundland,2H,Atlantic Cod,COD,3
1975,Canada Newfoundland,2H,Atlantic Cod,COD,7
1976,Canada Newfoundland,2H,Atlantic Cod,COD,14
1977,Canada Newfoundland,2H,Atlantic Cod,COD,41
1978,Canada Newfoundland,2H,Atlantic Cod,COD,35
1979,Canada Newfoundland,2H,Atlantic Cod,COD,126
1980,Canada Newfoundland,2H,Atlantic Cod,COD,101
1981,Canada Newfoundland,2H,Atlantic Cod,COD,70
1982,Canada Newfoundland,2H,Atlantic Cod,COD,2985
1983,Canada Newfoundland,2H,Atlantic Cod,COD,237
1984,Canada Newfoundland,2H,Atlantic Cod,COD,195
1985,Canada Newfoundland,2H,Atlantic Cod,COD,214
1986,Canada Newfoundland,2H,Atlantic Cod,COD,345
1987,Canada Newfoundland,2H,Atlantic Cod,COD,8
1988,Canada Newfoundland,2H,Atlantic Cod,COD,58
1989,Canada Newfoundland,2H,Atlantic Cod,COD,468
1990,Canada Newfoundland,2H,Atlantic Cod,COD,225
2013,Canada Newfoundland,2H,Atlantic Cod,COD,0
1960,Canada Newfoundland,2J,Atlantic Cod,COD,15419
1961,Canada Newfoundland,2J,Atlantic Cod,COD,17545
1962,Canada Newfoundland,2J,Atlantic Cod,COD,23424
1963,Canada Newfoundland,2J,Atlantic Cod,COD,23768
1964,Canada Newfoundland,2J,Atlantic Cod,COD,14800
1965,Canada Newfoundland,2J,Atlantic Cod,COD,25117
1966,Canada Newfoundland,2J,Atlantic Cod,COD,22684
1967,Canada Newfoundland,2J,Atlantic Cod,COD,27722
1968,Canada Newfoundland,2J,Atlantic Cod,COD,17403
1969,Canada Newfoundland,2J,Atlantic Cod,COD,4358
1970,Canada Newfoundland,2J,Atlantic Cod,COD,1963
1971,Canada Newfoundland,2J,Atlantic Cod,COD,3313
1972,Canada Newfoundland,2J,Atlantic Cod,COD,1725
1973,Canada Newfoundland,2J,Atlantic Cod,COD,4742
1974,Canada Newfoundland,2J,Atlantic Cod,COD,1804
1975,Canada Newfoundland,2J,Atlantic Cod,COD,3000
1976,Canada Newfoundland,2J,Atlantic Cod,COD,3929
1977,Canada Newfoundland,2J,Atlantic Cod,COD,3632
1978,Canada Newfoundland,2J,Atlantic Cod,COD,10601
1979,Canada Newfoundland,2J,Atlantic Cod,COD,16480
1980,Canada Newfoundland,2J,Atlantic Cod,COD,27060
1981,Canada Newfoundland,2J,Atlantic Cod,COD,30157
1982,Canada Newfoundland,2J,Atlantic Cod,COD,55216
1983,Canada Newfoundland,2J,Atlantic Cod,COD,34349
1984,Canada Newfoundland,2J,Atlantic Cod,COD,17924
1985,Canada Newfoundland,2J,Atlantic Cod,COD,11518
1986,Canada Newfoundland,2J,Atlantic Cod,COD,16372
1987,Canada Newfoundland,2J,Atlantic Cod,COD,45770
1988,Canada Newfoundland,2J,Atlantic Cod,COD,50361
1989,Canada Newfoundland,2J,Atlantic Cod,COD,51777
1990,Canada Newfoundland,2J,Atlantic Cod,COD,30001
1991,Canada Newfoundland,2J,Atlantic Cod,COD,2834
1992,Canada Newfoundland,2J,Atlantic Cod,COD,18
1993,Canada Newfoundland,2J,Atlantic Cod,COD,13
1994,Canada Newfoundland,2J,Atlantic Cod,COD,9
1997,Canada Newfoundland,2J,Atlantic Cod,COD,1
1998,Canada Newfoundland,2J,Atlantic Cod,COD,13
1999,Canada Newfoundland,2J,Atlantic Cod,COD,32
2000,Canada Newfoundland,2J,Atlantic Cod,COD,3
2001,Canada Newfoundland,2J,Atlantic Cod,COD,2
2002,Canada Newfoundland,2J,Atlantic Cod,COD,8
2005,Canada Newfoundland,2J,Atlantic Cod,COD,0
2006,Canada Newfoundland,2J,Atlantic Cod,COD,43
2007,Canada Newfoundland,2J,Atlantic Cod,COD,63
2008,Canada Newfoundland,2J,Atlantic Cod,COD,71
2009,Canada Newfoundland,2J,Atlantic Cod,COD,53
2010,Canada Newfoundland,2J,Atlantic Cod,COD,58
2011,Canada Newfoundland,2J,Atlantic Cod,COD,47
2012,Canada Newfoundland,2J,Atlantic Cod,COD,60
2013,Canada Newfoundland,2J,Atlantic Cod,COD,113
2014,Canada Newfoundland,2J,Atlantic Cod,COD,100
1960,Canada Newfoundland,3K,Atlantic Cod,COD,47677
1961,Canada Newfoundland,3K,Atlantic Cod,COD,31159
1962,Canada Newfoundland,3K,Atlantic Cod,COD,42816
1963,Canada Newfoundland,3K,Atlantic Cod,COD,47486
1964,Canada Newfoundland,3K,Atlantic Cod,COD,40735
1965,Canada Newfoundland,3K,Atlantic Cod,COD,26468
1966,Canada Newfoundland,3K,Atlantic Cod,COD,32221
1967,Canada Newfoundland,3K,Atlantic Cod,COD,24956
1968,Canada Newfoundland,3K,Atlantic Cod,COD,42471
1969,Canada Newfoundland,3K,Atlantic Cod,COD,24979
1970,Canada Newfoundland,3K,Atlantic Cod,COD,21604
1971,Canada Newfoundland,3K,Atlantic Cod,COD,21142
1972,Canada Newfoundland,3K,Atlantic Cod,COD,14061
1973,Canada Newfoundland,3K,Atlantic Cod,COD,13298
1974,Canada Newfoundland,3K,Atlantic Cod,COD,10766
1975,Canada Newfoundland,3K,Atlantic Cod,COD,15531
1976,Canada Newfoundland,3K,Atlantic Cod,COD,21525
1977,Canada Newfoundland,3K,Atlantic Cod,COD,29857
1978,Canada Newfoundland,3K,Atlantic Cod,COD,35482
1979,Canada Newfoundland,3K,Atlantic Cod,COD,42208
1980,Canada Newfoundland,3K,Atlantic Cod,COD,55629
1981,Canada Newfoundland,3K,Atlantic Cod,COD,41529
1982,Canada Newfoundland,3K,Atlantic Cod,COD,50625
1983,Canada Newfoundland,3K,Atlantic Cod,COD,64140
1984,Canada Newfoundland,3K,Atlantic Cod,COD,64179
1985,Canada Newfoundland,3K,Atlantic Cod,COD,72370
1986,Canada Newfoundland,3K,Atlantic Cod,COD,76102
1987,Canada Newfoundland,3K,Atlantic Cod,COD,57219
1988,Canada Newfoundland,3K,Atlantic Cod,COD,65038
1989,Canada Newfoundland,3K,Atlantic Cod,COD,46819
1990,Canada Newfoundland,3K,Atlantic Cod,COD,50197
1991,Canada Newfoundland,3K,Atlantic Cod,COD,37464
1992,Canada Newfoundland,3K,Atlantic Cod,COD,1374
1993,Canada Newfoundland,3K,Atlantic Cod,COD,541
1994,Canada Newfoundland,3K,Atlantic Cod,COD,368
1995,Canada Newfoundland,3K,Atlantic Cod,COD,62
1996,Canada Newfoundland,3K,Atlantic Cod,COD,174
1997,Canada Newfoundland,3K,Atlantic Cod,COD,163
1998,Canada Newfoundland,3K,Atlantic Cod,COD,1757
1999,Canada Newfoundland,3K,Atlantic Cod,COD,3483
2000,Canada Newfoundland,3K,Atlantic Cod,COD,1350
2001,Canada Newfoundland,3K,Atlantic Cod,COD,1302
2002,Canada Newfoundland,3K,Atlantic Cod,COD,521
2003,Canada Newfoundland,3K,Atlantic Cod,COD,33
2004,Canada Newfoundland,3K,Atlantic Cod,COD,143
2005,Canada Newfoundland,3K,Atlantic Cod,COD,495
2006,Canada Newfoundland,3K,Atlantic Cod,COD,898
2007,Canada Newfoundland,3K,Atlantic Cod,COD,974
2008,Canada Newfoundland,3K,Atlantic Cod,COD,1398
2009,Canada Newfoundland,3K,Atlantic Cod,COD,1095
2010,Canada Newfoundland,3K,Atlantic Cod,COD,1075
2011,Canada Newfoundland,3K,Atlantic Cod,COD,1271
2012,Canada Newfoundland,3K,Atlantic Cod,COD,1589
2013,Canada Newfoundland,3K,Atlantic Cod,COD,2043
2014,Canada Newfoundland,3K,Atlantic Cod,COD,2168
1960,Canada Newfoundland,3L,Atlantic Cod,COD,96736
1961,Canada Newfoundland,3L,Atlantic Cod,COD,73158
1962,Canada Newfoundland,3L,Atlantic Cod,COD,73839
1963,Canada Newfoundland,3L,Atlantic Cod,COD,76257
1964,Canada Newfoundland,3L,Atlantic Cod,COD,82624
1965,Canada Newfoundland,3L,Atlantic Cod,COD,64527
1966,Canada Newfoundland,3L,Atlantic Cod,COD,62509
1967,Canada Newfoundland,3L,Atlantic Cod,COD,60967
1968,Canada Newfoundland,3L,Atlantic Cod,COD,61346
1969,Canada Newfoundland,3L,Atlantic Cod,COD,84320
1970,Canada Newfoundland,3L,Atlantic Cod,COD,65720
1971,Canada Newfoundland,3L,Atlantic Cod,COD,48975
1972,Canada Newfoundland,3L,Atlantic Cod,COD,50276
1973,Canada Newfoundland,3L,Atlantic Cod,COD,26062
1974,Canada Newfoundland,3L,Atlantic Cod,COD,23502
1975,Canada Newfoundland,3L,Atlantic Cod,COD,23364
1976,Canada Newfoundland,3L,Atlantic Cod,COD,37319
1977,Canada Newfoundland,3L,Atlantic Cod,COD,45381
1978,Canada Newfoundland,3L,Atlantic Cod,COD,54011
1979,Canada Newfoundland,3L,Atlantic Cod,COD,63639
1980,Canada Newfoundland,3L,Atlantic Cod,COD,56539
1981,Canada Newfoundland,3L,Atlantic Cod,COD,63739
1982,Canada Newfoundland,3L,Atlantic Cod,COD,80835
1983,Canada Newfoundland,3L,Atlantic Cod,COD,87880
1984,Canada Newfoundland,3L,Atlantic Cod,COD,89714
1985,Canada Newfoundland,3L,Atlantic Cod,COD,70606
1986,Canada Newfoundland,3L,Atlantic Cod,COD,78441
1987,Canada Newfoundland,3L,Atlantic Cod,COD,74335
1988,Canada Newfoundland,3L,Atlantic Cod,COD,98320
1989,Canada Newfoundland,3L,Atlantic Cod,COD,89111
1990,Canada Newfoundland,3L,Atlantic Cod,COD,100672
1991,Canada Newfoundland,3L,Atlantic Cod,COD,77239
1992,Canada Newfoundland,3L,Atlantic Cod,COD,16780
1993,Canada Newfoundland,3L,Atlantic Cod,COD,3359
1994,Canada Newfoundland,3L,Atlantic Cod,COD,936
1995,Canada Newfoundland,3L,Atlantic Cod,COD,186
1996,Canada Newfoundland,3L,Atlantic Cod,COD,252
1997,Canada Newfoundland,3L,Atlantic Cod,COD,374
1998,Canada Newfoundland,3L,Atlantic Cod,COD,2058
1999,Canada Newfoundland,3L,Atlantic Cod,COD,4778
2000,Canada Newfoundland,3L,Atlantic Cod,COD,3456
2001,Canada Newfoundland,3L,Atlantic Cod,COD,3610
2002,Canada Newfoundland,3L,Atlantic Cod,COD,2970
2003,Canada Newfoundland,3L,Atlantic Cod,COD,943
2004,Canada Newfoundland,3L,Atlantic Cod,COD,449
2005,Canada Newfoundland,3L,Atlantic Cod,COD,671
2006,Canada Newfoundland,3L,Atlantic Cod,COD,1191
2007,Canada Newfoundland,3L,Atlantic Cod,COD,1380
2008,Canada Newfoundland,3L,Atlantic Cod,COD,1645
2009,Canada Newfoundland,3L,Atlantic Cod,COD,1739
2010,Canada Newfoundland,3L,Atlantic Cod,COD,1572
2011,Canada Newfoundland,3L,Atlantic Cod,COD,1613
2012,Canada Newfoundland,3L,Atlantic Cod,COD,1511
2013,Canada Newfoundland,3L,Atlantic Cod,COD,1920
2014,Canada Newfoundland,3L,Atlantic Cod,COD,2213
1962,Canada Newfoundland,3M,Atlantic Cod,COD,349
1965,Canada Newfoundland,3M,Atlantic Cod,COD,8
1967,Canada Newfoundland,3M,Atlantic Cod,COD,46
1968,Canada Newfoundland,3M,Atlantic Cod,COD,235
1969,Canada Newfoundland,3M,Atlantic Cod,COD,22
1970,Canada Newfoundland,3M,Atlantic Cod,COD,1
1973,Canada Newfoundland,3M,Atlantic Cod,COD,18
1974,Canada Newfoundland,3M,Atlantic Cod,COD,63
1975,Canada Newfoundland,3M,Atlantic Cod,COD,108
1976,Canada Newfoundland,3M,Atlantic Cod,COD,54
1977,Canada Newfoundland,3M,Atlantic Cod,COD,127
1978,Canada Newfoundland,3M,Atlantic Cod,COD,113
1979,Canada Newfoundland,3M,Atlantic Cod,COD,2
1981,Canada Newfoundland,3M,Atlantic Cod,COD,2
2010,Canada Newfoundland,3M,Atlantic Cod,COD,4
2011,Canada Newfoundland,3M,Atlantic Cod,COD,202
2014,Canada Newfoundland,3M,Atlantic Cod,COD,226
1960,Canada Newfoundland,3N,Atlantic Cod,COD,211
1961,Canada Newfoundland,3N,Atlantic Cod,COD,572
1962,Canada Newfoundland,3N,Atlantic Cod,COD,496
1963,Canada Newfoundland,3N,Atlantic Cod,COD,943
1964,Canada Newfoundland,3N,Atlantic Cod,COD,1134
1965,Canada Newfoundland,3N,Atlantic Cod,COD,3367
1966,Canada Newfoundland,3N,Atlantic Cod,COD,4544
1967,Canada Newfoundland,3N,Atlantic Cod,COD,1510
1968,Canada Newfoundland,3N,Atlantic Cod,COD,2465
1969,Canada Newfoundland,3N,Atlantic Cod,COD,1791
1970,Canada Newfoundland,3N,Atlantic Cod,COD,1962
1971,Canada Newfoundland,3N,Atlantic Cod,COD,1392
1972,Canada Newfoundland,3N,Atlantic Cod,COD,1141
1973,Canada Newfoundland,3N,Atlantic Cod,COD,887
1974,Canada Newfoundland,3N,Atlantic Cod,COD,635
1975,Canada Newfoundland,3N,Atlantic Cod,COD,692
1976,Canada Newfoundland,3N,Atlantic Cod,COD,646
1977,Canada Newfoundland,3N,Atlantic Cod,COD,1284
1978,Canada Newfoundland,3N,Atlantic Cod,COD,1729
1979,Canada Newfoundland,3N,Atlantic Cod,COD,2218
1980,Canada Newfoundland,3N,Atlantic Cod,COD,3040
1981,Canada Newfoundland,3N,Atlantic Cod,COD,3789
1982,Canada Newfoundland,3N,Atlantic Cod,COD,2062
1983,Canada Newfoundland,3N,Atlantic Cod,COD,2036
1984,Canada Newfoundland,3N,Atlantic Cod,COD,2963
1985,Canada Newfoundland,3N,Atlantic Cod,COD,7260
1986,Canada Newfoundland,3N,Atlantic Cod,COD,8452
1987,Canada Newfoundland,3N,Atlantic Cod,COD,8775
1988,Canada Newfoundland,3N,Atlantic Cod,COD,8837
1989,Canada Newfoundland,3N,Atlantic Cod,COD,5133
1990,Canada Newfoundland,3N,Atlantic Cod,COD,3818
1991,Canada Newfoundland,3N,Atlantic Cod,COD,1057
1992,Canada Newfoundland,3N,Atlantic Cod,COD,457
1993,Canada Newfoundland,3N,Atlantic Cod,COD,327
1996,Canada Newfoundland,3N,Atlantic Cod,COD,4
1997,Canada Newfoundland,3N,Atlantic Cod,COD,56
1998,Canada Newfoundland,3N,Atlantic Cod,COD,69
1999,Canada Newfoundland,3N,Atlantic Cod,COD,72
2000,Canada Newfoundland,3N,Atlantic Cod,COD,91
2001,Canada Newfoundland,3N,Atlantic Cod,COD,176
2002,Canada Newfoundland,3N,Atlantic Cod,COD,136
2003,Canada Newfoundland,3N,Atlantic Cod,COD,168
2004,Canada Newfoundland,3N,Atlantic Cod,COD,100
2005,Canada Newfoundland,3N,Atlantic Cod,COD,176
2006,Canada Newfoundland,3N,Atlantic Cod,COD,0
2007,Canada Newfoundland,3N,Atlantic Cod,COD,37
2008,Canada Newfoundland,3N,Atlantic Cod,COD,87
2009,Canada Newfoundland,3N,Atlantic Cod,COD,19
2010,Canada Newfoundland,3N,Atlantic Cod,COD,64
2011,Canada Newfoundland,3N,Atlantic Cod,COD,31
2012,Canada Newfoundland,3N,Atlantic Cod,COD,7
2013,Canada Newfoundland,3N,Atlantic Cod,COD,95
2014,Canada Newfoundland,3N,Atlantic Cod,COD,111
1960,Canada Newfoundland,3O,Atlantic Cod,COD,1956
1961,Canada Newfoundland,3O,Atlantic Cod,COD,2551
1962,Canada Newfoundland,3O,Atlantic Cod,COD,1577
1963,Canada Newfoundland,3O,Atlantic Cod,COD,2623
1964,Canada Newfoundland,3O,Atlantic Cod,COD,871
1965,Canada Newfoundland,3O,Atlantic Cod,COD,528
1966,Canada Newfoundland,3O,Atlantic Cod,COD,920
1967,Canada Newfoundland,3O,Atlantic Cod,COD,1466
1968,Canada Newfoundland,3O,Atlantic Cod,COD,718
1969,Canada Newfoundland,3O,Atlantic Cod,COD,1511
1970,Canada Newfoundland,3O,Atlantic Cod,COD,858
1971,Canada Newfoundland,3O,Atlantic Cod,COD,540
1972,Canada Newfoundland,3O,Atlantic Cod,COD,288
1973,Canada Newfoundland,3O,Atlantic Cod,COD,711
1974,Canada Newfoundland,3O,Atlantic Cod,COD,628
1975,Canada Newfoundland,3O,Atlantic Cod,COD,482
1976,Canada Newfoundland,3O,Atlantic Cod,COD,1259
1977,Canada Newfoundland,3O,Atlantic Cod,COD,1025
1978,Canada Newfoundland,3O,Atlantic Cod,COD,2691
1979,Canada Newfoundland,3O,Atlantic Cod,COD,4765
1980,Canada Newfoundland,3O,Atlantic Cod,COD,1534
1981,Canada Newfoundland,3O,Atlantic Cod,COD,2115
1982,Canada Newfoundland,3O,Atlantic Cod,COD,6160
1983,Canada Newfoundland,3O,Atlantic Cod,COD,6568
1984,Canada Newfoundland,3O,Atlantic Cod,COD,2757
1985,Canada Newfoundland,3O,Atlantic Cod,COD,6542
1986,Canada Newfoundland,3O,Atlantic Cod,COD,4750
1987,Canada Newfoundland,3O,Atlantic Cod,COD,4452
1988,Canada Newfoundland,3O,Atlantic Cod,COD,6160
1989,Canada Newfoundland,3O,Atlantic Cod,COD,5072
1990,Canada Newfoundland,3O,Atlantic Cod,COD,3415
1991,Canada Newfoundland,3O,Atlantic Cod,COD,4464
1992,Canada Newfoundland,3O,Atlantic Cod,COD,4950
1993,Canada Newfoundland,3O,Atlantic Cod,COD,3396
1994,Canada Newfoundland,3O,Atlantic Cod,COD,2
1995,Canada Newfoundland,3O,Atlantic Cod,COD,39
1996,Canada Newfoundland,3O,Atlantic Cod,COD,51
1997,Canada Newfoundland,3O,Atlantic Cod,COD,230
1998,Canada Newfoundland,3O,Atlantic Cod,COD,250
1999,Canada Newfoundland,3O,Atlantic Cod,COD,414
2000,Canada Newfoundland,3O,Atlantic Cod,COD,80
2001,Canada Newfoundland,3O,Atlantic Cod,COD,311
2002,Canada Newfoundland,3O,Atlantic Cod,COD,286
2003,Canada Newfoundland,3O,Atlantic Cod,COD,546
2004,Canada Newfoundland,3O,Atlantic Cod,COD,341
2005,Canada Newfoundland,3O,Atlantic Cod,COD,283
2006,Canada Newfoundland,3O,Atlantic Cod,COD,71
2007,Canada Newfoundland,3O,Atlantic Cod,COD,87
2008,Canada Newfoundland,3O,Atlantic Cod,COD,140
2009,Canada Newfoundland,3O,Atlantic Cod,COD,136
2010,Canada Newfoundland,3O,Atlantic Cod,COD,36
2011,Canada Newfoundland,3O,Atlantic Cod,COD,7
2012,Canada Newfoundland,3O,Atlantic Cod,COD,16
2013,Canada Newfoundland,3O,Atlantic Cod,COD,127
2014,Canada Newfoundland,3O,Atlantic Cod,COD,78
1960,Canada Newfoundland,3PN,Atlantic Cod,COD,5181
1961,Canada Newfoundland,3PN,Atlantic Cod,COD,5728
1962,Canada Newfoundland,3PN,Atlantic Cod,COD,8022
1963,Canada Newfoundland,3PN,Atlantic Cod,COD,8076
1964,Canada Newfoundland,3PN,Atlantic Cod,COD,8502
1965,Canada Newfoundland,3PN,Atlantic Cod,COD,8344
1966,Canada Newfoundland,3PN,Atlantic Cod,COD,6876
1967,Canada Newfoundland,3PN,Atlantic Cod,COD,4546
1968,Canada Newfoundland,3PN,Atlantic Cod,COD,5640
1969,Canada Newfoundland,3PN,Atlantic Cod,COD,4763
1970,Canada Newfoundland,3PN,Atlantic Cod,COD,4930
1971,Canada Newfoundland,3PN,Atlantic Cod,COD,6661
1972,Canada Newfoundland,3PN,Atlantic Cod,COD,6521
1973,Canada Newfoundland,3PN,Atlantic Cod,COD,5885
1974,Canada Newfoundland,3PN,Atlantic Cod,COD,2941
1975,Canada Newfoundland,3PN,Atlantic Cod,COD,2758
1976,Canada Newfoundland,3PN,Atlantic Cod,COD,6041
1977,Canada Newfoundland,3PN,Atlantic Cod,COD,7109
1978,Canada Newfoundland,3PN,Atlantic Cod,COD,6271
1979,Canada Newfoundland,3PN,Atlantic Cod,COD,10208
1980,Canada Newfoundland,3PN,Atlantic Cod,COD,8150
1981,Canada Newfoundland,3PN,Atlantic Cod,COD,11192
1982,Canada Newfoundland,3PN,Atlantic Cod,COD,14703
1983,Canada Newfoundland,3PN,Atlantic Cod,COD,11959
1984,Canada Newfoundland,3PN,Atlantic Cod,COD,15631
1985,Canada Newfoundland,3PN,Atlantic Cod,COD,13157
1986,Canada Newfoundland,3PN,Atlantic Cod,COD,16759
1987,Canada Newfoundland,3PN,Atlantic Cod,COD,15526
1988,Canada Newfoundland,3PN,Atlantic Cod,COD,7809
1989,Canada Newfoundland,3PN,Atlantic Cod,COD,6786
1990,Canada Newfoundland,3PN,Atlantic Cod,COD,5078
1991,Canada Newfoundland,3PN,Atlantic Cod,COD,5969
1992,Canada Newfoundland,3PN,Atlantic Cod,COD,6672
1993,Canada Newfoundland,3PN,Atlantic Cod,COD,2371
1994,Canada Newfoundland,3PN,Atlantic Cod,COD,165
1995,Canada Newfoundland,3PN,Atlantic Cod,COD,73
1996,Canada Newfoundland,3PN,Atlantic Cod,COD,70
1997,Canada Newfoundland,3PN,Atlantic Cod,COD,1994
1998,Canada Newfoundland,3PN,Atlantic Cod,COD,873
1999,Canada Newfoundland,3PN,Atlantic Cod,COD,1164
2000,Canada Newfoundland,3PN,Atlantic Cod,COD,1478
2001,Canada Newfoundland,3PN,Atlantic Cod,COD,1724
2002,Canada Newfoundland,3PN,Atlantic Cod,COD,1713
2003,Canada Newfoundland,3PN,Atlantic Cod,COD,83
2004,Canada Newfoundland,3PN,Atlantic Cod,COD,778
2005,Canada Newfoundland,3PN,Atlantic Cod,COD,868
2006,Canada Newfoundland,3PN,Atlantic Cod,COD,1209
2007,Canada Newfoundland,3PN,Atlantic Cod,COD,1051
2008,Canada Newfoundland,3PN,Atlantic Cod,COD,1128
2009,Canada Newfoundland,3PN,Atlantic Cod,COD,1356
2010,Canada Newfoundland,3PN,Atlantic Cod,COD,703
2011,Canada Newfoundland,3PN,Atlantic Cod,COD,314
2012,Canada Newfoundland,3PN,Atlantic Cod,COD,183
2013,Canada Newfoundland,3PN,Atlantic Cod,COD,183
2014,Canada Newfoundland,3PN,Atlantic Cod,COD,152
1960,Canada Newfoundland,3PS,Atlantic Cod,COD,41839
1961,Canada Newfoundland,3PS,Atlantic Cod,COD,34673
1962,Canada Newfoundland,3PS,Atlantic Cod,COD,31064
1963,Canada Newfoundland,3PS,Atlantic Cod,COD,31546
1964,Canada Newfoundland,3PS,Atlantic Cod,COD,26058
1965,Canada Newfoundland,3PS,Atlantic Cod,COD,28361
1966,Canada Newfoundland,3PS,Atlantic Cod,COD,29258
1967,Canada Newfoundland,3PS,Atlantic Cod,COD,30192
1968,Canada Newfoundland,3PS,Atlantic Cod,COD,29476
1969,Canada Newfoundland,3PS,Atlantic Cod,COD,24278
1970,Canada Newfoundland,3PS,Atlantic Cod,COD,28060
1971,Canada Newfoundland,3PS,Atlantic Cod,COD,35308
1972,Canada Newfoundland,3PS,Atlantic Cod,COD,22599
1973,Canada Newfoundland,3PS,Atlantic Cod,COD,24456
1974,Canada Newfoundland,3PS,Atlantic Cod,COD,19769
1975,Canada Newfoundland,3PS,Atlantic Cod,COD,15073
1976,Canada Newfoundland,3PS,Atlantic Cod,COD,22991
1977,Canada Newfoundland,3PS,Atlantic Cod,COD,27088
1978,Canada Newfoundland,3PS,Atlantic Cod,COD,21642
1979,Canada Newfoundland,3PS,Atlantic Cod,COD,25794
1980,Canada Newfoundland,3PS,Atlantic Cod,COD,32236
1981,Canada Newfoundland,3PS,Atlantic Cod,COD,28764
1982,Canada Newfoundland,3PS,Atlantic Cod,COD,23990
1983,Canada Newfoundland,3PS,Atlantic Cod,COD,26015
1984,Canada Newfoundland,3PS,Atlantic Cod,COD,23760
1985,Canada Newfoundland,3PS,Atlantic Cod,COD,29383
1986,Canada Newfoundland,3PS,Atlantic Cod,COD,30039
1987,Canada Newfoundland,3PS,Atlantic Cod,COD,30868
1988,Canada Newfoundland,3PS,Atlantic Cod,COD,23404
1989,Canada Newfoundland,3PS,Atlantic Cod,COD,26306
1990,Canada Newfoundland,3PS,Atlantic Cod,COD,23394
1991,Canada Newfoundland,3PS,Atlantic Cod,COD,25694
1992,Canada Newfoundland,3PS,Atlantic Cod,COD,23493
1993,Canada Newfoundland,3PS,Atlantic Cod,COD,13865
1994,Canada Newfoundland,3PS,Atlantic Cod,COD,575
1995,Canada Newfoundland,3PS,Atlantic Cod,COD,450
1996,Canada Newfoundland,3PS,Atlantic Cod,COD,523
1997,Canada Newfoundland,3PS,Atlantic Cod,COD,7516
1998,Canada Newfoundland,3PS,Atlantic Cod,COD,15835
1999,Canada Newfoundland,3PS,Atlantic Cod,COD,24125
2000,Canada Newfoundland,3PS,Atlantic Cod,COD,19652
2001,Canada Newfoundland,3PS,Atlantic Cod,COD,12960
2002,Canada Newfoundland,3PS,Atlantic Cod,COD,11733
2003,Canada Newfoundland,3PS,Atlantic Cod,COD,12303
2004,Canada Newfoundland,3PS,Atlantic Cod,COD,10842
2005,Canada Newfoundland,3PS,Atlantic Cod,COD,11317
2006,Canada Newfoundland,3PS,Atlantic Cod,COD,10623
2007,Canada Newfoundland,3PS,Atlantic Cod,COD,10590
2008,Canada Newfoundland,3PS,Atlantic Cod,COD,9604
2009,Canada Newfoundland,3PS,Atlantic Cod,COD,7484
2010,Canada Newfoundland,3PS,Atlantic Cod,COD,6729
2011,Canada Newfoundland,3PS,Atlantic Cod,COD,5417
2012,Canada Newfoundland,3PS,Atlantic Cod,COD,4247
2013,Canada Newfoundland,3PS,Atlantic Cod,COD,3051
2014,Canada Newfoundland,3PS,Atlantic Cod,COD,4522
1960,Canada Newfoundland,4R,Atlantic Cod,COD,17302
1961,Canada Newfoundland,4R,Atlantic Cod,COD,15737
1962,Canada Newfoundland,4R,Atlantic Cod,COD,21984
1963,Canada Newfoundland,4R,Atlantic Cod,COD,26799
1964,Canada Newfoundland,4R,Atlantic Cod,COD,20162
1965,Canada Newfoundland,4R,Atlantic Cod,COD,20037
1966,Canada Newfoundland,4R,Atlantic Cod,COD,21202
1967,Canada Newfoundland,4R,Atlantic Cod,COD,22398
1968,Canada Newfoundland,4R,Atlantic Cod,COD,32810
1969,Canada Newfoundland,4R,Atlantic Cod,COD,27342
1970,Canada Newfoundland,4R,Atlantic Cod,COD,23337
1971,Canada Newfoundland,4R,Atlantic Cod,COD,17095
1972,Canada Newfoundland,4R,Atlantic Cod,COD,11664
1973,Canada Newfoundland,4R,Atlantic Cod,COD,13222
1974,Canada Newfoundland,4R,Atlantic Cod,COD,16348
1975,Canada Newfoundland,4R,Atlantic Cod,COD,14897
1976,Canada Newfoundland,4R,Atlantic Cod,COD,20004
1977,Canada Newfoundland,4R,Atlantic Cod,COD,25568
1978,Canada Newfoundland,4R,Atlantic Cod,COD,35376
1979,Canada Newfoundland,4R,Atlantic Cod,COD,37096
1980,Canada Newfoundland,4R,Atlantic Cod,COD,52358
1981,Canada Newfoundland,4R,Atlantic Cod,COD,49479
1982,Canada Newfoundland,4R,Atlantic Cod,COD,51248
1983,Canada Newfoundland,4R,Atlantic Cod,COD,55842
1984,Canada Newfoundland,4R,Atlantic Cod,COD,50152
1985,Canada Newfoundland,4R,Atlantic Cod,COD,43751
1986,Canada Newfoundland,4R,Atlantic Cod,COD,34152
1987,Canada Newfoundland,4R,Atlantic Cod,COD,32075
1988,Canada Newfoundland,4R,Atlantic Cod,COD,27278
1989,Canada Newfoundland,4R,Atlantic Cod,COD,25418
1990,Canada Newfoundland,4R,Atlantic Cod,COD,22469
1991,Canada Newfoundland,4R,Atlantic Cod,COD,18211
1992,Canada Newfoundland,4R,Atlantic Cod,COD,15147
1993,Canada Newfoundland,4R,Atlantic Cod,COD,12711
1994,Canada Newfoundland,4R,Atlantic Cod,COD,186
1995,Canada Newfoundland,4R,Atlantic Cod,COD,50
1996,Canada Newfoundland,4R,Atlantic Cod,COD,75
1997,Canada Newfoundland,4R,Atlantic Cod,COD,1984
1998,Canada Newfoundland,4R,Atlantic Cod,COD,1716
1999,Canada Newfoundland,4R,Atlantic Cod,COD,4503
2000,Canada Newfoundland,4R,Atlantic Cod,COD,3737
2001,Canada Newfoundland,4R,Atlantic Cod,COD,3527
2002,Canada Newfoundland,4R,Atlantic Cod,COD,3488
2003,Canada Newfoundland,4R,Atlantic Cod,COD,206
2004,Canada Newfoundland,4R,Atlantic Cod,COD,1800
2005,Canada Newfoundland,4R,Atlantic Cod,COD,2414
2006,Canada Newfoundland,4R,Atlantic Cod,COD,2915
2007,Canada Newfoundland,4R,Atlantic Cod,COD,3378
2008,Canada Newfoundland,4R,Atlantic Cod,COD,3360
2009,Canada Newfoundland,4R,Atlantic Cod,COD,2473
2010,Canada Newfoundland,4R,Atlantic Cod,COD,1929
2011,Canada Newfoundland,4R,Atlantic Cod,COD,824
2012,Canada Newfoundland,4R,Atlantic Cod,COD,696
2013,Canada Newfoundland,4R,Atlantic Cod,COD,670
2014,Canada Newfoundland,4R,Atlantic Cod,COD,740
1961,Canada Newfoundland,4S,Atlantic Cod,COD,1
1963,Canada Newfoundland,4S,Atlantic Cod,COD,22
1964,Canada Newfoundland,4S,Atlantic Cod,COD,45
1965,Canada Newfoundland,4S,Atlantic Cod,COD,108
1966,Canada Newfoundland,4S,Atlantic Cod,COD,88
1967,Canada Newfoundland,4S,Atlantic Cod,COD,50
1968,Canada Newfoundland,4S,Atlantic Cod,COD,146
1969,Canada Newfoundland,4S,Atlantic Cod,COD,307
1970,Canada Newfoundland,4S,Atlantic Cod,COD,443
1971,Canada Newfoundland,4S,Atlantic Cod,COD,182
1972,Canada Newfoundland,4S,Atlantic Cod,COD,189
1973,Canada Newfoundland,4S,Atlantic Cod,COD,434
1974,Canada Newfoundland,4S,Atlantic Cod,COD,366
1975,Canada Newfoundland,4S,Atlantic Cod,COD,381
1976,Canada Newfoundland,4S,Atlantic Cod,COD,726
1977,Canada Newfoundland,4S,Atlantic Cod,COD,171
1978,Canada Newfoundland,4S,Atlantic Cod,COD,229
1979,Canada Newfoundland,4S,Atlantic Cod,COD,47
1980,Canada Newfoundland,4S,Atlantic Cod,COD,1437
1981,Canada Newfoundland,4S,Atlantic Cod,COD,336
1982,Canada Newfoundland,4S,Atlantic Cod,COD,141
1983,Canada Newfoundland,4S,Atlantic Cod,COD,505
1984,Canada Newfoundland,4S,Atlantic Cod,COD,236
1985,Canada Newfoundland,4S,Atlantic Cod,COD,69
1986,Canada Newfoundland,4S,Atlantic Cod,COD,132
1987,Canada Newfoundland,4S,Atlantic Cod,COD,155
1988,Canada Newfoundland,4S,Atlantic Cod,COD,168
1989,Canada Newfoundland,4S,Atlantic Cod,COD,258
1990,Canada Newfoundland,4S,Atlantic Cod,COD,276
1991,Canada Newfoundland,4S,Atlantic Cod,COD,39
1992,Canada Newfoundland,4S,Atlantic Cod,COD,359
1993,Canada Newfoundland,4S,Atlantic Cod,COD,176
1997,Canada Newfoundland,4S,Atlantic Cod,COD,1
1998,Canada Newfoundland,4S,Atlantic Cod,COD,27
1999,Canada Newfoundland,4S,Atlantic Cod,COD,85
2000,Canada Newfoundland,4S,Atlantic Cod,COD,204
2001,Canada Newfoundland,4S,Atlantic Cod,COD,142
2002,Canada Newfoundland,4S,Atlantic Cod,COD,143
2003,Canada Newfoundland,4S,Atlantic Cod,COD,1
2004,Canada Newfoundland,4S,Atlantic Cod,COD,53
2005,Canada Newfoundland,4S,Atlantic Cod,COD,4
2006,Canada Newfoundland,4S,Atlantic Cod,COD,44
2007,Canada Newfoundland,4S,Atlantic Cod,COD,198
2008,Canada Newfoundland,4S,Atlantic Cod,COD,136
2009,Canada Newfoundland,4S,Atlantic Cod,COD,95
2010,Canada Newfoundland,4S,Atlantic Cod,COD,15
2011,Canada Newfoundland,4S,Atlantic Cod,COD,0
2012,Canada Newfoundland,4S,Atlantic Cod,COD,0
2013,Canada Newfoundland,4S,Atlantic Cod,COD,0
1960,Canada Newfoundland,4T,Atlantic Cod,COD,3
1961,Canada Newfoundland,4T,Atlantic Cod,COD,617
1962,Canada Newfoundland,4T,Atlantic Cod,COD,1180
1963,Canada Newfoundland,4T,Atlantic Cod,COD,1833
1964,Canada Newfoundland,4T,Atlantic Cod,COD,596
1965,Canada Newfoundland,4T,Atlantic Cod,COD,3443
1966,Canada Newfoundland,4T,Atlantic Cod,COD,1268
1967,Canada Newfoundland,4T,Atlantic Cod,COD,718
1968,Canada Newfoundland,4T,Atlantic Cod,COD,2183
1969,Canada Newfoundland,4T,Atlantic Cod,COD,3378
1970,Canada Newfoundland,4T,Atlantic Cod,COD,2740
1971,Canada Newfoundland,4T,Atlantic Cod,COD,2694
1972,Canada Newfoundland,4T,Atlantic Cod,COD,4316
1973,Canada Newfoundland,4T,Atlantic Cod,COD,1051
1974,Canada Newfoundland,4T,Atlantic Cod,COD,2470
1975,Canada Newfoundland,4T,Atlantic Cod,COD,734
1976,Canada Newfoundland,4T,Atlantic Cod,COD,2155
1977,Canada Newfoundland,4T,Atlantic Cod,COD,78
1978,Canada Newfoundland,4T,Atlantic Cod,COD,106
1979,Canada Newfoundland,4T,Atlantic Cod,COD,2379
1980,Canada Newfoundland,4T,Atlantic Cod,COD,112
1981,Canada Newfoundland,4T,Atlantic Cod,COD,1067
1982,Canada Newfoundland,4T,Atlantic Cod,COD,76
1983,Canada Newfoundland,4T,Atlantic Cod,COD,926
1985,Canada Newfoundland,4T,Atlantic Cod,COD,1169
1986,Canada Newfoundland,4T,Atlantic Cod,COD,1017
1987,Canada Newfoundland,4T,Atlantic Cod,COD,1943
1988,Canada Newfoundland,4T,Atlantic Cod,COD,1402
1989,Canada Newfoundland,4T,Atlantic Cod,COD,1261
1990,Canada Newfoundland,4T,Atlantic Cod,COD,430
1991,Canada Newfoundland,4T,Atlantic Cod,COD,1105
1992,Canada Newfoundland,4T,Atlantic Cod,COD,881
1994,Canada Newfoundland,4T,Atlantic Cod,COD,1
2000,Canada Newfoundland,4T,Atlantic Cod,COD,29
2002,Canada Newfoundland,4T,Atlantic Cod,COD,76
2006,Canada Newfoundland,4T,Atlantic Cod,COD,30
2009,Canada Newfoundland,4T,Atlantic Cod,COD,1
2014,Canada Newfoundland,4T,Atlantic Cod,COD,0
1961,Canada Newfoundland,4VN,Atlantic Cod,COD,108
1962,Canada Newfoundland,4VN,Atlantic Cod,COD,153
1963,Canada Newfoundland,4VN,Atlantic Cod,COD,1358
1964,Canada Newfoundland,4VN,Atlantic Cod,COD,7402
1965,Canada Newfoundland,4VN,Atlantic Cod,COD,6590
1966,Canada Newfoundland,4VN,Atlantic Cod,COD,3662
1967,Canada Newfoundland,4VN,Atlantic Cod,COD,413
1968,Canada Newfoundland,4VN,Atlantic Cod,COD,2201
1969,Canada Newfoundland,4VN,Atlantic Cod,COD,1445
1970,Canada Newfoundland,4VN,Atlantic Cod,COD,925
1971,Canada Newfoundland,4VN,Atlantic Cod,COD,1174
1972,Canada Newfoundland,4VN,Atlantic Cod,COD,981
1973,Canada Newfoundland,4VN,Atlantic Cod,COD,3202
1974,Canada Newfoundland,4VN,Atlantic Cod,COD,2118
1975,Canada Newfoundland,4VN,Atlantic Cod,COD,179
1976,Canada Newfoundland,4VN,Atlantic Cod,COD,2727
1977,Canada Newfoundland,4VN,Atlantic Cod,COD,361
1978,Canada Newfoundland,4VN,Atlantic Cod,COD,3361
1979,Canada Newfoundland,4VN,Atlantic Cod,COD,1299
1980,Canada Newfoundland,4VN,Atlantic Cod,COD,1653
1981,Canada Newfoundland,4VN,Atlantic Cod,COD,2894
1982,Canada Newfoundland,4VN,Atlantic Cod,COD,1650
1983,Canada Newfoundland,4VN,Atlantic Cod,COD,1365
1984,Canada Newfoundland,4VN,Atlantic Cod,COD,1814
1985,Canada Newfoundland,4VN,Atlantic Cod,COD,2922
1986,Canada Newfoundland,4VN,Atlantic Cod,COD,3286
1987,Canada Newfoundland,4VN,Atlantic Cod,COD,2787
1988,Canada Newfoundland,4VN,Atlantic Cod,COD,2579
1989,Canada Newfoundland,4VN,Atlantic Cod,COD,834
1990,Canada Newfoundland,4VN,Atlantic Cod,COD,2815
1991,Canada Newfoundland,4VN,Atlantic Cod,COD,1305
1992,Canada Newfoundland,4VN,Atlantic Cod,COD,1661
1993,Canada Newfoundland,4VN,Atlantic Cod,COD,195
1994,Canada Newfoundland,4VN,Atlantic Cod,COD,44
2005,Canada Newfoundland,4VN,Atlantic Cod,COD,10
2011,Canada Newfoundland,4VN,Atlantic Cod,COD,0
1960,Canada Newfoundland,4VS,Atlantic Cod,COD,4
1961,Canada Newfoundland,4VS,Atlantic Cod,COD,4
1962,Canada Newfoundland,4VS,Atlantic Cod,COD,11
1963,Canada Newfoundland,4VS,Atlantic Cod,COD,29
1964,Canada Newfoundland,4VS,Atlantic Cod,COD,78
1965,Canada Newfoundland,4VS,Atlantic Cod,COD,1831
1966,Canada Newfoundland,4VS,Atlantic Cod,COD,1104
1967,Canada Newfoundland,4VS,Atlantic Cod,COD,1069
1968,Canada Newfoundland,4VS,Atlantic Cod,COD,3359
1969,Canada Newfoundland,4VS,Atlantic Cod,COD,365
1970,Canada Newfoundland,4VS,Atlantic Cod,COD,177
1971,Canada Newfoundland,4VS,Atlantic Cod,COD,884
1972,Canada Newfoundland,4VS,Atlantic Cod,COD,2534
1973,Canada Newfoundland,4VS,Atlantic Cod,COD,3011
1974,Canada Newfoundland,4VS,Atlantic Cod,COD,2031
1975,Canada Newfoundland,4VS,Atlantic Cod,COD,287
1976,Canada Newfoundland,4VS,Atlantic Cod,COD,398
1977,Canada Newfoundland,4VS,Atlantic Cod,COD,271
1978,Canada Newfoundland,4VS,Atlantic Cod,COD,457
1979,Canada Newfoundland,4VS,Atlantic Cod,COD,1363
1980,Canada Newfoundland,4VS,Atlantic Cod,COD,5501
1981,Canada Newfoundland,4VS,Atlantic Cod,COD,2678
1982,Canada Newfoundland,4VS,Atlantic Cod,COD,5164
1983,Canada Newfoundland,4VS,Atlantic Cod,COD,1040
1984,Canada Newfoundland,4VS,Atlantic Cod,COD,1898
1985,Canada Newfoundland,4VS,Atlantic Cod,COD,5959
1986,Canada Newfoundland,4VS,Atlantic Cod,COD,6438
1987,Canada Newfoundland,4VS,Atlantic Cod,COD,6090
1988,Canada Newfoundland,4VS,Atlantic Cod,COD,4892
1989,Canada Newfoundland,4VS,Atlantic Cod,COD,2903
1990,Canada Newfoundland,4VS,Atlantic Cod,COD,3687
1991,Canada Newfoundland,4VS,Atlantic Cod,COD,3862
1992,Canada Newfoundland,4VS,Atlantic Cod,COD,3375
1993,Canada Newfoundland,4VS,Atlantic Cod,COD,222
1994,Canada Newfoundland,4VS,Atlantic Cod,COD,6
1995,Canada Newfoundland,4VS,Atlantic Cod,COD,2
2001,Canada Newfoundland,4VS,Atlantic Cod,COD,27
2002,Canada Newfoundland,4VS,Atlantic Cod,COD,2
2003,Canada Newfoundland,4VS,Atlantic Cod,COD,4
2005,Canada Newfoundland,4VS,Atlantic Cod,COD,1
2006,Canada Newfoundland,4VS,Atlantic Cod,COD,3
2007,Canada Newfoundland,4VS,Atlantic Cod,COD,5
2008,Canada Newfoundland,4VS,Atlantic Cod,COD,1
2009,Canada Newfoundland,4VS,Atlantic Cod,COD,2
2010,Canada Newfoundland,4VS,Atlantic Cod,COD,9
2011,Canada Newfoundland,4VS,Atlantic Cod,COD,5
2012,Canada Newfoundland,4VS,Atlantic Cod,COD,0
2014,Canada Newfoundland,4VS,Atlantic Cod,COD,1
1961,Canada Newfoundland,4W,Atlantic Cod,COD,24
1963,Canada Newfoundland,4W,Atlantic Cod,COD,19
1965,Canada Newfoundland,4W,Atlantic Cod,COD,1
1966,Canada Newfoundland,4W,Atlantic Cod,COD,12
1967,Canada Newfoundland,4W,Atlantic Cod,COD,27
1968,Canada Newfoundland,4W,Atlantic Cod,COD,69
1971,Canada Newfoundland,4W,Atlantic Cod,COD,50
1972,Canada Newfoundland,4W,Atlantic Cod,COD,23
1973,Canada Newfoundland,4W,Atlantic Cod,COD,132
1974,Canada Newfoundland,4W,Atlantic Cod,COD,87
1975,Canada Newfoundland,4W,Atlantic Cod,COD,1
1976,Canada Newfoundland,4W,Atlantic Cod,COD,15
1978,Canada Newfoundland,4W,Atlantic Cod,COD,103
1979,Canada Newfoundland,4W,Atlantic Cod,COD,1382
1980,Canada Newfoundland,4W,Atlantic Cod,COD,251
1981,Canada Newfoundland,4W,Atlantic Cod,COD,415
1982,Canada Newfoundland,4W,Atlantic Cod,COD,61
1983,Canada Newfoundland,4W,Atlantic Cod,COD,425
1984,Canada Newfoundland,4W,Atlantic Cod,COD,164
1986,Canada Newfoundland,4W,Atlantic Cod,COD,2
1987,Canada Newfoundland,4W,Atlantic Cod,COD,7
1989,Canada Newfoundland,4W,Atlantic Cod,COD,50
1991,Canada Newfoundland,4W,Atlantic Cod,COD,15
1967,Canada Newfoundland,4X,Atlantic Cod,COD,1
1978,Canada Newfoundland,4X,Atlantic Cod,COD,10
1979,Canada Newfoundland,4X,Atlantic Cod,COD,28
1980,Canada Newfoundland,4X,Atlantic Cod,COD,355
1981,Canada Newfoundland,4X,Atlantic Cod,COD,47
1982,Canada Newfoundland,4X,Atlantic Cod,COD,9
1983,Canada Newfoundland,4X,Atlantic Cod,COD,15
1989,Canada Newfoundland,4X,Atlantic Cod,COD,1
1991,Canada Newfoundland,4X,Atlantic Cod,COD,27
1966,Canada Newfoundland,5Z,Atlantic Cod,COD,4
1986,Canada Newfoundland,5ZC,Atlantic Cod,COD,97
1991,Canada Newfoundland,5ZC,Atlantic Cod,COD,15
1978,Canada Newfoundland,5ZE,Atlantic Cod,COD,127
1979,Canada Newfoundland,5ZE,Atlantic Cod,COD,32
1980,Canada Newfoundland,5ZE,Atlantic Cod,COD,28
1982,Canada Newfoundland,5ZE,Atlantic Cod,COD,35
1983,Canada Newfoundland,5ZE,Atlantic Cod,COD,40
2014,Canada Newfoundland,5ZE,Atlantic Cod,COD,14
